{
  "kind": "trellis2_recursive_slat_grammar_workflow",
  "mesh": "/mnt/beegfs/ruocheng/recursive_3d_generative_growth_20260507/results/siga_root_quality_sweep/root_quality_gpu6_20260508_0505/example04_vine_curl_steps12_seed910/trellis2_dinov3_min.obj",
  "case": "vine_space_competition",
  "resolution": 512,
  "grid_resolution": 512,
  "fit_scale": 0.62,
  "max_tokens": 16000,
  "grammars": {
    "compete": {
      "ops": [
        "compete_grow"
      ],
      "depths": [
        {
          "depth": 0,
          "tokens": 781,
          "vertices": 184294,
          "faces": 363288,
          "bbox_min": [
            -0.22102513909339905,
            -0.310080349445343,
            -0.22018945217132568
          ],
          "bbox_max": [
            0.22097647190093994,
            0.31018728017807007,
            0.22033822536468506
          ],
          "decode_seconds": 2.7215025424957275
        },
        {
          "depth": 1,
          "tokens": 823,
          "vertices": 196150,
          "faces": 399982,
          "bbox_min": [
            -0.22167843580245972,
            -0.3100210130214691,
            -0.2803352475166321
          ],
          "bbox_max": [
            0.24222779273986816,
            0.31018686294555664,
            0.2327912449836731
          ],
          "decode_seconds": 2.7210118770599365
        },
        {
          "depth": 2,
          "tokens": 868,
          "vertices": 197707,
          "faces": 402684,
          "bbox_min": [
            -0.24638673663139343,
            -0.3100219964981079,
            -0.309770405292511
          ],
          "bbox_max": [
            0.2735133767127991,
            0.330788254737854,
            0.2641593813896179
          ],
          "decode_seconds": 1.9645898342132568
        },
        {
          "depth": 3,
          "tokens": 921,
          "vertices": 199470,
          "faces": 405886,
          "bbox_min": [
            -0.2849307656288147,
            -0.31002077460289,
            -0.3433438241481781
          ],
          "bbox_max": [
            0.3359781503677368,
            0.3620404601097107,
            0.2707476019859314
          ],
          "decode_seconds": 1.8912315368652344
        }
      ]
    },
    "compete_fork": {
      "ops": [
        "compete_grow",
        "tip_fork"
      ],
      "depths": [
        {
          "depth": 0,
          "tokens": 781,
          "vertices": 184294,
          "faces": 363288,
          "bbox_min": [
            -0.22102513909339905,
            -0.310080349445343,
            -0.22018945217132568
          ],
          "bbox_max": [
            0.22097647190093994,
            0.31018728017807007,
            0.22033822536468506
          ],
          "decode_seconds": 1.645845651626587
        },
        {
          "depth": 1,
          "tokens": 1199,
          "vertices": 268020,
          "faces": 534068,
          "bbox_min": [
            -0.28115302324295044,
            -0.31002092361450195,
            -0.28033435344696045
          ],
          "bbox_max": [
            0.3027188181877136,
            0.4039353132247925,
            0.24998581409454346
          ],
          "decode_seconds": 2.042386293411255
        },
        {
          "depth": 2,
          "tokens": 1885,
          "vertices": 348773,
          "faces": 656184,
          "bbox_min": [
            -0.37490105628967285,
            -0.3100206255912781,
            -0.3260806202888489
          ],
          "bbox_max": [
            0.4164215326309204,
            0.49945056438446045,
            0.30192965269088745
          ],
          "decode_seconds": 3.3748836517333984
        },
        {
          "depth": 3,
          "tokens": 2198,
          "vertices": 360521,
          "faces": 659002,
          "bbox_min": [
            -0.49636563658714294,
            -0.3100205659866333,
            -0.35741665959358215
          ],
          "bbox_max": [
            0.49166297912597656,
            0.49996834993362427,
            0.3129562735557556
          ],
          "decode_seconds": 2.209724187850952
        }
      ]
    },
    "fork_side": {
      "ops": [
        "tip_fork",
        "side_branch"
      ],
      "depths": [
        {
          "depth": 0,
          "tokens": 781,
          "vertices": 184294,
          "faces": 363288,
          "bbox_min": [
            -0.22102513909339905,
            -0.310080349445343,
            -0.22018945217132568
          ],
          "bbox_max": [
            0.22097647190093994,
            0.31018728017807007,
            0.22033822536468506
          ],
          "decode_seconds": 1.6471681594848633
        },
        {
          "depth": 1,
          "tokens": 1421,
          "vertices": 288488,
          "faces": 543516,
          "bbox_min": [
            -0.28353118896484375,
            -0.3100210428237915,
            -0.2201921045780182
          ],
          "bbox_max": [
            0.36643218994140625,
            0.43523138761520386,
            0.2516173720359802
          ],
          "decode_seconds": 2.0595295429229736
        },
        {
          "depth": 2,
          "tokens": 2193,
          "vertices": 328536,
          "faces": 569026,
          "bbox_min": [
            -0.2885860204696655,
            -0.3100212812423706,
            -0.23146983981132507
          ],
          "bbox_max": [
            0.49512070417404175,
            0.4995594620704651,
            0.28130626678466797
          ],
          "decode_seconds": 3.8268179893493652
        },
        {
          "depth": 3,
          "tokens": 2193,
          "vertices": 328236,
          "faces": 568296,
          "bbox_min": [
            -0.2885851263999939,
            -0.3100207448005676,
            -0.23147112131118774
          ],
          "bbox_max": [
            0.49512189626693726,
            0.498786985874176,
            0.2813064455986023
          ],
          "decode_seconds": 2.215640068054199
        }
      ]
    }
  },
  "load_seconds": 7.923640966415405,
  "fdg_seconds": 1.1462466716766357,
  "fdg_voxels": 184294,
  "encode_seconds": 8.107978105545044,
  "base_tokens": 781,
  "base_coord_min": [
    8,
    6,
    8
  ],
  "base_coord_max": [
    23,
    25,
    23
  ],
  "latent_coord_limit": 31,
  "cuda_memory_allocated": 1749885440,
  "cuda_memory_reserved": 2336227328
}