{
  "kind": "trellis2_recursive_slat_grammar_workflow",
  "mesh": "/mnt/beegfs/ruocheng/recursive_3d_generative_growth_20260507/results/siga_root_quality_sweep/root_quality_gpu7_20260508_0505/example09_tree_steps12_seed912/trellis2_dinov3_min.obj",
  "case": "tree_space_competition",
  "resolution": 512,
  "grid_resolution": 512,
  "fit_scale": 0.62,
  "max_tokens": 16000,
  "grammars": {
    "compete": {
      "ops": [
        "compete_grow"
      ],
      "depths": [
        {
          "depth": 0,
          "tokens": 1425,
          "vertices": 311366,
          "faces": 611832,
          "bbox_min": [
            -0.3021349310874939,
            -0.301967591047287,
            -0.3099355101585388
          ],
          "bbox_max": [
            0.3022858500480652,
            0.3025941252708435,
            0.31026315689086914
          ],
          "decode_seconds": 2.754741907119751
        },
        {
          "depth": 1,
          "tokens": 1462,
          "vertices": 318721,
          "faces": 636126,
          "bbox_min": [
            -0.30216139554977417,
            -0.3019815683364868,
            -0.3098074197769165
          ],
          "bbox_max": [
            0.3022136092185974,
            0.3028034567832947,
            0.3102293014526367
          ],
          "decode_seconds": 2.1399364471435547
        },
        {
          "depth": 2,
          "tokens": 1500,
          "vertices": 319904,
          "faces": 638040,
          "bbox_min": [
            -0.33172309398651123,
            -0.30198174715042114,
            -0.3098071813583374
          ],
          "bbox_max": [
            0.30221349000930786,
            0.3246919512748718,
            0.3102285861968994
          ],
          "decode_seconds": 3.9699695110321045
        },
        {
          "depth": 3,
          "tokens": 1546,
          "vertices": 321242,
          "faces": 640084,
          "bbox_min": [
            -0.3495827317237854,
            -0.3019818067550659,
            -0.3273467719554901
          ],
          "bbox_max": [
            0.3275124430656433,
            0.38719242811203003,
            0.3365851640701294
          ],
          "decode_seconds": 2.1621084213256836
        }
      ]
    },
    "compete_fork": {
      "ops": [
        "compete_grow",
        "tip_fork"
      ],
      "depths": [
        {
          "depth": 0,
          "tokens": 1425,
          "vertices": 311366,
          "faces": 611832,
          "bbox_min": [
            -0.3021349310874939,
            -0.301967591047287,
            -0.3099355101585388
          ],
          "bbox_max": [
            0.3022858500480652,
            0.3025941252708435,
            0.31026315689086914
          ],
          "decode_seconds": 2.0829315185546875
        },
        {
          "depth": 1,
          "tokens": 2179,
          "vertices": 455858,
          "faces": 902870,
          "bbox_min": [
            -0.3687356412410736,
            -0.3019789755344391,
            -0.30980902910232544
          ],
          "bbox_max": [
            0.38226741552352905,
            0.39674103260040283,
            0.3102295398712158
          ],
          "decode_seconds": 2.5610239505767822
        },
        {
          "depth": 2,
          "tokens": 3099,
          "vertices": 557519,
          "faces": 1056920,
          "bbox_min": [
            -0.49765098094940186,
            -0.30198270082473755,
            -0.35859718918800354
          ],
          "bbox_max": [
            0.48427796363830566,
            0.49048417806625366,
            0.357619047164917
          ],
          "decode_seconds": 2.912367105484009
        },
        {
          "depth": 3,
          "tokens": 3211,
          "vertices": 528155,
          "faces": 986260,
          "bbox_min": [
            -0.4976513981819153,
            -0.3019827604293823,
            -0.42109671235084534
          ],
          "bbox_max": [
            0.4842780828475952,
            0.49891817569732666,
            0.4540390372276306
          ],
          "decode_seconds": 2.802769422531128
        }
      ]
    },
    "fork_side": {
      "ops": [
        "tip_fork",
        "side_branch"
      ],
      "depths": [
        {
          "depth": 0,
          "tokens": 1425,
          "vertices": 311366,
          "faces": 611832,
          "bbox_min": [
            -0.3021349310874939,
            -0.301967591047287,
            -0.3099355101585388
          ],
          "bbox_max": [
            0.3022858500480652,
            0.3025941252708435,
            0.31026315689086914
          ],
          "decode_seconds": 2.0701582431793213
        },
        {
          "depth": 1,
          "tokens": 2588,
          "vertices": 490419,
          "faces": 924646,
          "bbox_min": [
            -0.31959789991378784,
            -0.30197739601135254,
            -0.30980801582336426
          ],
          "bbox_max": [
            0.41363269090652466,
            0.42788809537887573,
            0.31022942066192627
          ],
          "decode_seconds": 2.637650966644287
        },
        {
          "depth": 2,
          "tokens": 3186,
          "vertices": 536932,
          "faces": 982052,
          "bbox_min": [
            -0.38451650738716125,
            -0.30198168754577637,
            -0.30980831384658813
          ],
          "bbox_max": [
            0.48769986629486084,
            0.49683940410614014,
            0.3102298974990845
          ],
          "decode_seconds": 2.8140437602996826
        },
        {
          "depth": 3,
          "tokens": 3223,
          "vertices": 516315,
          "faces": 939016,
          "bbox_min": [
            -0.43071871995925903,
            -0.3019823729991913,
            -0.30980759859085083
          ],
          "bbox_max": [
            0.4926633834838867,
            0.49699288606643677,
            0.3102315068244934
          ],
          "decode_seconds": 2.6943702697753906
        }
      ]
    },
    "portal": {
      "ops": [
        "portal_insert"
      ],
      "depths": [
        {
          "depth": 0,
          "tokens": 1425,
          "vertices": 311366,
          "faces": 611832,
          "bbox_min": [
            -0.3021349310874939,
            -0.301967591047287,
            -0.3099355101585388
          ],
          "bbox_max": [
            0.3022858500480652,
            0.3025941252708435,
            0.31026315689086914
          ],
          "decode_seconds": 2.2620389461517334
        },
        {
          "depth": 1,
          "tokens": 1595,
          "vertices": 235389,
          "faces": 428416,
          "bbox_min": [
            -0.3021600842475891,
            -0.3019808828830719,
            -0.3098076581954956
          ],
          "bbox_max": [
            0.30221062898635864,
            0.3029191493988037,
            0.3102285861968994
          ],
          "decode_seconds": 1.8779757022857666
        },
        {
          "depth": 2,
          "tokens": 1608,
          "vertices": 223622,
          "faces": 411704,
          "bbox_min": [
            -0.3021600842475891,
            -0.30198216438293457,
            -0.3098071813583374
          ],
          "bbox_max": [
            0.30221182107925415,
            0.3029213547706604,
            0.3102303743362427
          ],
          "decode_seconds": 1.7944378852844238
        },
        {
          "depth": 3,
          "tokens": 1609,
          "vertices": 222819,
          "faces": 412252,
          "bbox_min": [
            -0.3021596670150757,
            -0.30198246240615845,
            -0.3098088800907135
          ],
          "bbox_max": [
            0.30221104621887207,
            0.3029228448867798,
            0.31022918224334717
          ],
          "decode_seconds": 1.78542160987854
        }
      ]
    }
  },
  "load_seconds": 5.863187313079834,
  "fdg_seconds": 1.900881052017212,
  "fdg_voxels": 311366,