{
  "kind": "trellis2_recursive_slat_grammar_workflow",
  "mesh": "/mnt/beegfs/ruocheng/recursive_3d_generative_growth_20260507/results/siga_non_tree_root_sweep_20260508_1440/crown_radial_ornament/trellis2_dinov3_min.obj",
  "case": "crown_symmetry_proxy",
  "resolution": 512,
  "grid_resolution": 512,
  "fit_scale": 0.58,
  "max_tokens": 14000,
  "grammars": {
    "radial4": {
      "ops": [
        "radial4_y_clone"
      ],
      "depths": [
        {
          "depth": 0,
          "tokens": 972,
          "vertices": 427054,
          "faces": 896120,
          "bbox_min": [
            -0.2902473211288452,
            -0.21125540137290955,
            -0.2899034023284912
          ],
          "bbox_max": [
            0.2900232672691345,
            0.2116173505783081,
            0.29002732038497925
          ],
          "decode_seconds": 4.07897162437439
        },
        {
          "depth": 1,
          "tokens": 1360,
          "vertices": 185985,
          "faces": 262846,
          "bbox_min": [
            -0.30972015857696533,
            -0.21127867698669434,
            -0.30957314372062683
          ],
          "bbox_max": [
            0.31139224767684937,
            0.20702636241912842,
            0.31227320432662964
          ],
          "decode_seconds": 3.630485773086548
        },
        {
          "depth": 2,
          "tokens": 1360,
          "vertices": 186014,
          "faces": 262902,
          "bbox_min": [
            -0.3097202181816101,
            -0.21127936244010925,
            -0.3095721900463104
          ],
          "bbox_max": [
            0.31139272451400757,
            0.20702606439590454,
            0.31227242946624756
          ],
          "decode_seconds": 1.5470616817474365
        }
      ]
    },
    "portal": {
      "ops": [
        "portal_insert"
      ],
      "depths": [
        {
          "depth": 0,
          "tokens": 972,
          "vertices": 427054,
          "faces": 896120,
          "bbox_min": [
            -0.2902473211288452,
            -0.21125540137290955,
            -0.2899034023284912
          ],
          "bbox_max": [
            0.2900232672691345,
            0.2116173505783081,
            0.29002732038497925
          ],
          "decode_seconds": 2.543813705444336
        },
        {
          "depth": 1,
          "tokens": 1263,
          "vertices": 484066,
          "faces": 992232,
          "bbox_min": [
            -0.2902490496635437,
            -0.21125063300132751,
            -0.2899029850959778
          ],
          "bbox_max": [
            0.29002439975738525,
            0.21157091856002808,
            0.29004162549972534
          ],
          "decode_seconds": 2.624500274658203
        },
        {
          "depth": 2,
          "tokens": 1358,
          "vertices": 489751,
          "faces": 998054,
          "bbox_min": [
            -0.29024767875671387,
            -0.21124976873397827,
            -0.289902925491333
          ],
          "bbox_max": [
            0.2900242209434509,
            0.2115728259086609,
            0.29004138708114624
          ],
          "decode_seconds": 3.50960636138916
        }
      ]
    },
    "scale_down": {
      "ops": [
        "shrink_echo"
      ],
      "depths": [
        {
          "depth": 0,
          "tokens": 972,
          "vertices": 427054,
          "faces": 896120,
          "bbox_min": [
            -0.2902473211288452,
            -0.21125540137290955,
            -0.2899034023284912
          ],
          "bbox_max": [
            0.2900232672691345,
            0.2116173505783081,
            0.29002732038497925
          ],
          "decode_seconds": 2.422907829284668
        },
        {
          "depth": 1,
          "tokens": 1467,
          "vertices": 588102,
          "faces": 1206624,
          "bbox_min": [
            -0.2902500033378601,
            -0.2112504541873932,
            -0.2899082899093628
          ],
          "bbox_max": [
            0.2900218963623047,
            0.21157783269882202,
            0.29004424810409546
          ],
          "decode_seconds": 2.9813363552093506
        },
        {
          "depth": 2,
          "tokens": 1713,
          "vertices": 629340,
          "faces": 1271272,
          "bbox_min": [
            -0.2902492880821228,
            -0.21125057339668274,
            -0.2899084687232971
          ],
          "bbox_max": [
            0.29002219438552856,
            0.21157574653625488,
            0.2900431156158447
          ],
          "decode_seconds": 3.1822357177734375
        }
      ]
    }
  },
  "load_seconds": 7.726765394210815,
  "fdg_seconds": 2.9687552452087402,
  "fdg_voxels": 427054,
  "encode_seconds": 7.214320421218872,
  "base_tokens": 972,
  "base_coord_min": [
    6,
    9,
    6
  ],
  "base_coord_max": [
    25,
    22,
    25
  ],
  "latent_coord_limit": 31,
  "cuda_memory_allocated": 1853421568,
  "cuda_memory_reserved": 2669674496
}