{
  "kind": "trellis2_recursive_slat_grammar_workflow",
  "mesh": "/mnt/beegfs/ruocheng/recursive_3d_generative_growth_20260507/results/siga_root_quality_sweep/root_quality_gpu7_20260508_0505/example09_tree_steps12_seed912/trellis2_dinov3_min.obj",
  "case": "projablate_tree_compete_fork_d3_stage_01",
  "resolution": 512,
  "grid_resolution": 512,
  "fit_scale": 0.62,
  "max_tokens": 16000,
  "grammars": {
    "compete_fork": {
      "ops": [
        "compete_grow",
        "tip_fork"
      ],
      "depths": [
        {
          "depth": 0,
          "tokens": 1425,
          "vertices": 311366,
          "faces": 611832,
          "bbox_min": [
            -0.3021349310874939,
            -0.301967591047287,
            -0.3099355101585388
          ],
          "bbox_max": [
            0.3022858500480652,
            0.3025941252708435,
            0.31026315689086914
          ],
          "decode_seconds": 3.1414051055908203
        },
        {
          "depth": 1,
          "tokens": 2179,
          "vertices": 455870,
          "faces": 902944,
          "bbox_min": [
            -0.3687356412410736,
            -0.30197831988334656,
            -0.30980902910232544
          ],
          "bbox_max": [
            0.38226741552352905,
            0.39674103260040283,
            0.3102301359176636
          ],
          "decode_seconds": 3.4894607067108154
        }
      ]
    }
  },
  "load_seconds": 7.239629030227661,
  "fdg_seconds": 1.936450719833374,
  "fdg_voxels": 311366,
  "encode_seconds": 7.3237996101379395,
  "base_tokens": 1425,
  "base_coord_min": [
    6,
    6,
    6
  ],
  "base_coord_max": [
    25,
    25,
    25
  ],
  "latent_coord_limit": 31,
  "cuda_memory_allocated": 1802401280,
  "cuda_memory_reserved": 2399141888
}