{
  "kind": "trellis2_recursive_slat_grammar_workflow",
  "mesh": "/mnt/beegfs/ruocheng/recursive_3d_generative_growth_20260507/results/siga_non_tree_root_sweep_more_20260508_1519/porous_container/trellis2_dinov3_min.obj",
  "case": "porous_space_competition",
  "resolution": 512,
  "grid_resolution": 512,
  "fit_scale": 0.58,
  "max_tokens": 14000,
  "grammars": {
    "compete": {
      "ops": [
        "compete_grow"
      ],
      "depths": [
        {
          "depth": 0,
          "tokens": 1726,
          "vertices": 784597,
          "faces": 1681550,
          "bbox_min": [
            -0.19566401839256287,
            -0.29001933336257935,
            -0.19586840271949768
          ],
          "bbox_max": [
            0.19563376903533936,
            0.29015517234802246,
            0.19593685865402222
          ],
          "decode_seconds": 4.429455041885376
        },
        {
          "depth": 1,
          "tokens": 1801,
          "vertices": 805506,
          "faces": 1734090,
          "bbox_min": [
            -0.22570982575416565,
            -0.2900197505950928,
            -0.22528839111328125
          ],
          "bbox_max": [
            0.21337443590164185,
            0.35325807332992554,
            0.22445768117904663
          ],
          "decode_seconds": 4.003485918045044
        },
        {
          "depth": 2,
          "tokens": 1876,
          "vertices": 814727,
          "faces": 1749032,
          "bbox_min": [
            -0.24237629771232605,
            -0.29001903533935547,
            -0.25759950280189514
          ],
          "bbox_max": [
            0.22346234321594238,
            0.41496098041534424,
            0.2588917016983032
          ],
          "decode_seconds": 3.9993245601654053
        }
      ]
    },
    "scale_down": {
      "ops": [
        "shrink_echo"
      ],
      "depths": [
        {
          "depth": 0,
          "tokens": 1726,
          "vertices": 784597,
          "faces": 1681550,
          "bbox_min": [
            -0.19566401839256287,
            -0.29001933336257935,
            -0.19586840271949768
          ],
          "bbox_max": [
            0.19563376903533936,
            0.29015517234802246,
            0.19593685865402222
          ],
          "decode_seconds": 3.880352735519409
        },
        {
          "depth": 1,
          "tokens": 2048,
          "vertices": 777462,
          "faces": 1513720,
          "bbox_min": [
            -0.19566339254379272,
            -0.29001837968826294,
            -0.19586971402168274
          ],
          "bbox_max": [
            0.1956331729888916,
            0.2901533246040344,
            0.19593572616577148
          ],
          "decode_seconds": 4.715179204940796
        },
        {
          "depth": 2,
          "tokens": 2114,
          "vertices": 782409,
          "faces": 1512528,
          "bbox_min": [
            -0.1956622302532196,
            -0.29001790285110474,
            -0.19586890935897827
          ],
          "bbox_max": [
            0.19563406705856323,
            0.2901473641395569,
            0.19593697786331177
          ],
          "decode_seconds": 3.7163944244384766
        }
      ]
    },
    "portal": {
      "ops": [
        "portal_insert"
      ],
      "depths": [
        {
          "depth": 0,
          "tokens": 1726,
          "vertices": 784597,
          "faces": 1681550,
          "bbox_min": [
            -0.19566401839256287,
            -0.29001933336257935,
            -0.19586840271949768
          ],
          "bbox_max": [
            0.19563376903533936,
            0.29015517234802246,
            0.19593685865402222
          ],
          "decode_seconds": 3.9945311546325684
        },
        {
          "depth": 1,
          "tokens": 1965,
          "vertices": 802767,
          "faces": 1625604,
          "bbox_min": [
            -0.19566431641578674,
            -0.29001903533935547,
            -0.1958695948123932
          ],
          "bbox_max": [
            0.19563347101211548,
            0.29016023874282837,
            0.1959383487701416
          ],
          "decode_seconds": 3.973076105117798
        },
        {
          "depth": 2,
          "tokens": 1998,
          "vertices": 810557,
          "faces": 1635166,
          "bbox_min": [
            -0.19566380977630615,
            -0.29001909494400024,
            -0.19586923718452454
          ],
          "bbox_max": [
            0.19563323259353638,
            0.29016828536987305,
            0.1959378719329834
          ],
          "decode_seconds": 3.942033529281616
        }
      ]
    }
  },
  "load_seconds": 5.486271619796753,
  "fdg_seconds": 5.505106210708618,
  "fdg_voxels": 784597,
  "encode_seconds": 1.4961678981781006,
  "base_tokens": 1726,
  "base_coord_min": [
    9,
    6,
    9
  ],
  "base_coord_max": [
    22,
    25,
    22
  ],
  "latent_coord_limit": 31,
  "cuda_memory_allocated": 1985565184,
  "cuda_memory_reserved": 3133145088
}