{
  "kind": "trellis2_recursive_slat_grammar_workflow",
  "mesh": "/mnt/beegfs/ruocheng/recursive_3d_generative_growth_20260507/results/siga_root_quality_sweep/root_quality_gpu6_20260508_0505/example04_vine_curl_steps12_seed910/trellis2_dinov3_min.obj",
  "case": "projablate_vine_compete_fork_d3_stage_01",
  "resolution": 512,
  "grid_resolution": 512,
  "fit_scale": 0.62,
  "max_tokens": 16000,
  "grammars": {
    "compete_fork": {
      "ops": [
        "compete_grow",
        "tip_fork"
      ],
      "depths": [
        {
          "depth": 0,
          "tokens": 781,
          "vertices": 184294,
          "faces": 363288,
          "bbox_min": [
            -0.22102513909339905,
            -0.310080349445343,
            -0.22018945217132568
          ],
          "bbox_max": [
            0.22097647190093994,
            0.31018728017807007,
            0.22033822536468506
          ],
          "decode_seconds": 2.6881866455078125
        },
        {
          "depth": 1,
          "tokens": 1199,
          "vertices": 268020,
          "faces": 534068,
          "bbox_min": [
            -0.28115302324295044,
            -0.31002092361450195,
            -0.28033435344696045
          ],
          "bbox_max": [
            0.3027188181877136,
            0.4039353132247925,
            0.24998581409454346
          ],
          "decode_seconds": 1.9863076210021973
        }
      ]
    }
  },
  "load_seconds": 7.976252555847168,
  "fdg_seconds": 1.0980381965637207,
  "fdg_voxels": 184294,
  "encode_seconds": 8.765652656555176,
  "base_tokens": 781,
  "base_coord_min": [
    8,
    6,
    8
  ],
  "base_coord_max": [
    23,
    25,
    23
  ],
  "latent_coord_limit": 31,
  "cuda_memory_allocated": 1748313600,
  "cuda_memory_reserved": 2147483648
}