{
  "kind": "trellis2_recursive_slat_grammar_workflow",
  "mesh": "/mnt/beegfs/ruocheng/recursive_3d_generative_growth_20260507/results/siga_non_tree_root_sweep_more_20260508_1519/island_city_cluster/trellis2_dinov3_min.obj",
  "case": "island_city_escher_proxy",
  "resolution": 512,
  "grid_resolution": 512,
  "fit_scale": 0.58,
  "max_tokens": 14000,
  "grammars": {
    "scale_down": {
      "ops": [
        "shrink_echo"
      ],
      "depths": [
        {
          "depth": 0,
          "tokens": 1672,
          "vertices": 655447,
          "faces": 1477232,
          "bbox_min": [
            -0.2908339202404022,
            -0.1702153980731964,
            -0.2817678153514862
          ],
          "bbox_max": [
            0.2899419069290161,
            0.17034024000167847,
            0.28171592950820923
          ],
          "decode_seconds": 3.8660430908203125
        },
        {
          "depth": 1,
          "tokens": 1916,
          "vertices": 615731,
          "faces": 1277794,
          "bbox_min": [
            -0.2907904386520386,
            -0.17003357410430908,
            -0.28175973892211914
          ],
          "bbox_max": [
            0.28994524478912354,
            0.1704145073890686,
            0.28172749280929565
          ],
          "decode_seconds": 3.9272687435150146
        },
        {
          "depth": 2,
          "tokens": 1957,
          "vertices": 599410,
          "faces": 1241930,
          "bbox_min": [
            -0.290785014629364,
            -0.17003434896469116,
            -0.2817920446395874
          ],
          "bbox_max": [
            0.2899426221847534,
            0.17041456699371338,
            0.2817317247390747
          ],
          "decode_seconds": 3.877126693725586
        }
      ]
    },
    "portal": {
      "ops": [
        "portal_insert"
      ],
      "depths": [
        {
          "depth": 0,
          "tokens": 1672,
          "vertices": 655447,
          "faces": 1477232,
          "bbox_min": [
            -0.2908339202404022,
            -0.1702153980731964,
            -0.2817678153514862
          ],
          "bbox_max": [
            0.2899419069290161,
            0.17034024000167847,
            0.28171592950820923
          ],
          "decode_seconds": 3.3397841453552246
        },
        {
          "depth": 1,
          "tokens": 1888,
          "vertices": 651536,
          "faces": 1426772,
          "bbox_min": [
            -0.2908167243003845,
            -0.1699661910533905,
            -0.2817726135253906
          ],
          "bbox_max": [
            0.28994661569595337,
            0.170413076877594,
            0.28172767162323
          ],
          "decode_seconds": 4.236846923828125
        },
        {
          "depth": 2,
          "tokens": 1908,
          "vertices": 642927,
          "faces": 1408462,
          "bbox_min": [
            -0.29081499576568604,
            -0.169966459274292,
            -0.2817729711532593
          ],
          "bbox_max": [
            0.2899462580680847,
            0.17041277885437012,
            0.2817271947860718
          ],
          "decode_seconds": 3.2555224895477295
        }
      ]
    },
    "radial4": {
      "ops": [
        "radial4_y_clone"
      ],
      "depths": [
        {
          "depth": 0,
          "tokens": 1672,
          "vertices": 655447,
          "faces": 1477232,
          "bbox_min": [
            -0.2908339202404022,
            -0.1702153980731964,
            -0.2817678153514862
          ],
          "bbox_max": [
            0.2899419069290161,
            0.17034024000167847,
            0.28171592950820923
          ],
          "decode_seconds": 3.3340330123901367
        },
        {
          "depth": 1,
          "tokens": 2884,
          "vertices": 652173,
          "faces": 1163546,
          "bbox_min": [
            -0.3099573254585266,
            -0.17077511548995972,
            -0.31076550483703613
          ],
          "bbox_max": [
            0.3110430836677551,
            0.17119181156158447,
            0.30897247791290283
          ],
          "decode_seconds": 3.142070770263672
        },
        {
          "depth": 2,
          "tokens": 2884,
          "vertices": 652054,
          "faces": 1163040,
          "bbox_min": [
            -0.30995720624923706,
            -0.17077457904815674,
            -0.31076526641845703
          ],
          "bbox_max": [
            0.3110426068305969,
            0.17119109630584717,
            0.3089718818664551
          ],
          "decode_seconds": 3.1131672859191895
        }
      ]
    }
  },
  "load_seconds": 5.880266427993774,
  "fdg_seconds": 5.076157331466675,
  "fdg_voxels": 655447,
  "encode_seconds": 0.9006562232971191,
  "base_tokens": 1672,
  "base_coord_min": [
    6,
    10,
    6
  ],
  "base_coord_max": [
    25,
    21,
    25
  ],
  "latent_coord_limit": 31,
  "cuda_memory_allocated": 1928833536,
  "cuda_memory_reserved": 2961178624
}